filename,entry_id,missing_field
10.1007_s00723-023-01606-y.json,1,geometry
10.1007_s00723-023-01606-y.json,2,geometry
10.1007_s10854-018-8768-y.json,1,geometry
10.1007_s10854-018-8768-y.json,2,geometry
10.1007_s10854-019-01236-w.json,1,geometry
10.1007_s10854-019-01236-w.json,3,geometry
10.1007_s10854-019-01236-w.json,4,geometry
10.1007_s10854-020-04476-3.json,2,geometry
10.1007_s10854-020-04476-3.json,3,geometry
10.1007_s10854-024-13243-7.json,3,geometry
10.1007_s10948-017-4161-y.json,1,geometry
10.1007_s10948-017-4161-y.json,3,geometry
10.1007_s10948-017-4161-y.json,4,geometry
10.1007_s10948-019-05302-6.json,2,geometry
10.1007_s10948-019-05405-0.json,1,geometry
10.1007_s40145-016-0189-x.json,1,geometry
10.1016_0038-1098(93)90423-K.json,1,geometry
10.1016_0921-4534(94)92438-4.json,1,geometry
10.1021_JP512165Q.json,1,geometry
10.1021_JP512165Q.json,2,geometry
10.1021_jacs.5c00356.json,1,geometry
10.1021_jacs.5c00356.json,2,geometry
10.1021_jacs.5c00356.json,3,geometry
10.1021_nl504314c.json,2,geometry
10.1021_nl504314c.json,3,geometry
10.1038_ncomms2913.json,2,geometry
10.1038_ncomms7433.json,1,geometry
10.1038_s41467-019-10552-y.json,1,geometry
10.1038_s41467-019-10552-y.json,2,geometry
10.1038_s41467-022-29314-4.json,1,geometry
10.1038_s41467-023-36208-6.json,1,geometry
10.1038_s41467-024-46133-x.json,1,geometry
10.1038_s41467-024-54660-w.json,2,geometry
10.1038_s41467-024-54660-w.json,3,geometry
10.1038_s41467-025-57942-z.json,1,geometry
10.1038_s41467-025-62624-x.json,1,geometry
10.1038_s41467-025-65123-1.json,2,geometry
10.1038_s41467-025-65123-1.json,3,geometry
10.1038_s41467-025-65123-1.json,4,geometry
10.1038_s41467-025-65123-1.json,5,geometry
10.1038_s41467-025-65123-1.json,6,geometry
10.1038_s41535-022-00516-9.json,1,geometry
10.1038_s41535-022-00516-9.json,3,geometry
10.1038_s41535-022-00516-9.json,4,geometry
10.1038_s41563-024-01952-7.json,2,geometry
10.1038_s41563-024-01952-7.json,3,geometry
10.1038_s41598-017-03408-2.json,4,geometry
10.1038_s41598-018-37152-y.json,1,geometry
10.1038_s41598-019-42291-x.json,2,conditions
10.1038_s41598-019-42291-x.json,6,conditions
10.1038_s41598-020-75587-4.json,2,geometry
10.1038_s41598-023-39590-9.json,1,geometry
10.1038_s41598-025-97195-w.json,2,geometry
10.1038_s41699-021-00204-5.json,1,geometry
10.1038_s41699-021-00204-5.json,2,geometry
10.1038_s41699-021-00204-5.json,3,geometry
10.1038_s42005-023-01496-3.json,1,geometry
10.1038_s42005-023-01496-3.json,3,geometry
10.1038_s42005-023-01496-3.json,4,geometry
10.1038_srep02235.json,2,geometry
10.1038_srep04065.json,1,geometry
10.1038_srep04065.json,5,geometry
10.1039_C3TA15243J.json,1,geometry
10.1039_C3TA15243J.json,2,geometry
10.1039_C3TA15243J.json,3,geometry
10.1039_d0na00456a.json,1,geometry
10.1039_d0na00456a.json,2,geometry
10.1039_d0na00456a.json,3,geometry
10.1039_d0na00456a.json,4,geometry
10.1051%2FJPHYSCOL%3A19786166.json,1,geometry
10.1051%2FJPHYSCOL%3A19808188.json,2,geometry
10.1051%2FJPHYSCOL%3A19888944.json,2,geometry
10.1051%2FJPHYSLET%3A019750036011027100.json,2,geometry
10.1051%2FJPHYSLET%3A019810042019044500.json,1,geometry
10.1051%2FJPHYSLET%3A019810042019044500.json,2,geometry
10.1051%2Fe3sconf%2F202669204001.json,1,geometry
10.1051%2Fe3sconf%2F202669204001.json,2,geometry
10.1051%2Fe3sconf%2F202669204001.json,4,geometry
10.1051%2Fepjconf%2F20122300005.json,1,geometry
10.1051%2Fepjconf%2F20122300005.json,2,geometry
10.1063_1.112100.json,2,geometry
10.1063_5.0231177.json,1,geometry
10.1073_pnas.1713916115.json,2,geometry
10.1073_pnas.1713916115.json,3,geometry
10.1088%2F0953-2048%2F21%2F12%2F125002.json,3,geometry
10.1088%2F0953-2048%2F21%2F12%2F125002.json,4,geometry
10.1088%2F0953-2048%2F22%2F8%2F085011.json,1,geometry
10.1088%2F0953-2048%2F26%2F1%2F015001.json,1,geometry
10.1088%2F0953-2048%2F26%2F1%2F015001.json,3,geometry
10.1088%2F0953-2048%2F26%2F1%2F015001.json,4,geometry
10.1088%2F0953-2048%2F26%2F1%2F015001.json,5,geometry
10.1088%2F1361-6668%2Fabb205.json,3,geometry
10.1088%2F1361-6668%2Fac7ae3.json,1,geometry
10.1088%2F1361-6668%2Fac7ae3.json,2,geometry
10.1088%2F1361-6668%2Fac7ae3.json,3,geometry
10.1088%2F1361-6668%2Fac7ae3.json,4,geometry
10.1088%2F1361-6668%2Fac7ae3.json,5,geometry
10.1088%2F1361-6668%2Fad8122.json,2,geometry
10.1088%2F1674-1056%2Fae0d5a.json,2,geometry
10.1103_2nsw-n8gf.json,2,geometry
10.1103_7hhv-9fq7.json,1,geometry
10.1103_PHYSREVB.31.1654.json,2,geometry
10.1103_PHYSREVB.42.1004.json,2,geometry
10.1103_PHYSREVB.75.100504.json,2,geometry
10.1103_PHYSREVB.75.100504.json,3,geometry
10.1103_PHYSREVB.81.184530.json,2,geometry
10.1103_PHYSREVB.81.184530.json,3,geometry
10.1103_PHYSREVB.81.184530.json,4,geometry
10.1103_PHYSREVLETT.105.047001.json,2,geometry
10.1103_PHYSREVLETT.69.680.json,2,geometry
10.1103_PHYSREVLETT.69.680.json,3,geometry
10.1103_PHYSREVLETT.74.2784.json,1,geometry
10.1103_PHYSREVLETT.75.4512.json,1,geometry
10.1103_PHYSREVLETT.75.922.json,1,geometry
10.1103_PHYSREVLETT.92.037005.json,2,geometry
10.1103_PhysRevB.100.045152.json,1,geometry
10.1103_PhysRevB.78.014510.json,1,geometry
10.1103_PhysRevB.89.115126.json,1,geometry
10.1103_PhysRevB.92.161114.json,1,geometry
10.1103_jgtl-v58d.json,1,geometry
10.1103_jgtl-v58d.json,2,geometry
10.1103_qfqm-qp82.json,1,geometry
10.1109_77.620868.json,1,geometry
10.1109_77.783635.json,1,geometry
10.1109_77.783635.json,2,geometry
10.1109_77.783635.json,3,geometry
10.1109_77.783635.json,4,geometry
10.1109_77.783635.json,5,geometry
10.1109_77.784932.json,1,geometry
10.1109_77.784932.json,3,geometry
10.1109_77.785034.json,2,geometry
10.1109_TASC.2003.812057.json,2,geometry
10.1109_TASC.2003.812057.json,3,geometry
10.1109_TASC.2003.812057.json,4,geometry
10.1109_TASC.2003.812057.json,5,geometry
10.1109_TASC.2003.812057.json,6,geometry
10.1109_TASC.2003.812057.json,7,geometry
10.1109_TASC.2003.812057.json,8,geometry
10.1109_TASC.2003.812057.json,9,geometry
10.1109_TASC.2003.812057.json,10,geometry
10.1109_TASC.2003.812057.json,11,geometry
10.1143_JPSJ.80.053701.json,1,geometry
10.12693_APHYSPOLA.121.850.json,1,geometry
10.12693_APHYSPOLA.121.850.json,4,geometry
10.12693_APHYSPOLA.126.A-13.json,1,geometry
10.12693_APHYSPOLA.96.245.json,1,geometry
10.12693_APHYSPOLA.96.245.json,2,geometry
10.12693_APHYSPOLA.97.373.json,1,geometry
10.12693_APHYSPOLA.97.373.json,2,geometry
10.12693_aphyspola.117.27.json,1,geometry
10.12693_aphyspola.117.27.json,3,geometry
10.12693_aphyspola.140.40.json,1,geometry
10.1299_KIKAIA.61.1858.json,1,geometry
10.1360_132011-660.json,1,geometry
10.1380_EJSSNT.2015.151.json,3,geometry
10.14723_tmrsj.35.11.json,1,geometry
10.1590_S0103-97332003000400006.json,1,geometry
10.17485%2Fijst%2F2014%2Fv7i2.4.json,2,geometry
10.17814_mechanik.2015.2.73.json,1,geometry
10.17814_mechanik.2015.2.73.json,2,geometry
10.17814_mechanik.2015.2.73.json,5,geometry
10.2109_JCERSJ.103.541.json,3,geometry
10.2109_JCERSJ.105.241.json,3,geometry
10.21203%2Frs.3.rs-1138719%2Fv1.json,3,geometry
10.2172_6160055.json,1,geometry
10.21883_ftt.2023.06.55642.23h.json,3,geometry
10.21883_jtf.2020.10.49799.313-19.json,2,geometry
10.21883_jtf.2020.10.49799.313-19.json,4,geometry
10.21883_pss.2023.01.54971.486.json,2,geometry
10.21883_pss.2023.06.56093.23h.json,3,geometry
10.21883_pss.2023.06.56093.23h.json,4,geometry
10.2207_QJJWS.15.547.json,2,geometry
10.2221_JCSJ.21.343.json,2,geometry
10.2221_JCSJ.38.589.json,2,geometry
10.2221_JCSJ.41.505.json,2,geometry
10.2221_JCSJ.41.505.json,3,geometry
10.2221_jcsj.46.2.json,1,geometry
10.2221_jcsj.46.2.json,2,geometry
10.2221_jcsj.46.2.json,3,geometry
10.2221_jcsj.46.2.json,4,geometry
10.2221_jcsj.46.2.json,5,geometry
10.2221_jcsj.47.534.json,2,geometry
10.2320_JINSTMET.68.624.json,1,geometry
10.2320_JINSTMET.68.624.json,6,geometry
10.2320_JINSTMET1952.67.4_193.json,1,geometry
10.2320_MATERTRANS.44.2066.json,1,geometry
10.2320_jinstmet.74.439.json,2,geometry
10.2472_jsms.61.399.json,1,geometry
10.2497_JJSPM.35.333.json,1,geometry
10.2497_JJSPM.35.333.json,2,geometry
10.2497_JJSPM.35.333.json,4,geometry
10.2497_JJSPM.35.821.json,1,geometry
10.2497_JJSPM.35.821.json,2,geometry
10.2497_JJSPM.36.579.json,2,geometry
10.2497_JJSPM.37.64.json,2,geometry
10.2497_JJSPM.37.734.json,1,geometry
10.2497_JJSPM.39.349.json,1,geometry
10.2497_JJSPM.39.349.json,2,geometry
10.2497_JJSPM.40.151.json,1,geometry
10.2497_JJSPM.40.151.json,2,geometry
10.2497_JJSPM.41.388.json,2,geometry
10.2497_jjspm.37.166.json,1,geometry
10.25073%2F2588-1124%2Fvnumap.5022.json,2,geometry
10.2978_jsas.36109.json,1,geometry
10.2978_jsas.36109.json,2,geometry
10.2978_jsas.36109.json,4,geometry
10.2978_jsas.4.58.json,1,geometry
10.30609_jeti.2018-2.5682.json,1,geometry
10.32734_JOTP.V2I1.5265.json,1,geometry
10.5185_amlett.2019.0010.json,1,geometry
10.5772_10119.json,2,geometry
10.7498_aps.59.583.json,1,geometry
10.7498_aps.61.197401.json,2,geometry
10.7498_aps.67.20170822.json,2,geometry
10.7498_aps.67.20170822.json,3,geometry
10.7498_aps.67.20180940.json,1,geometry
10.7498_aps.69.20201116.json,1,geometry
10.7498_aps.69.20201116.json,2,geometry
10.7498_aps.69.20201116.json,3,geometry
10.7498_aps.69.20201116.json,5,geometry
10.7498_aps.69.20201116.json,6,geometry
10.7567%2Fjjap.51.010102.json,1,geometry
